dataset,constructed_graph_model,comparison_model,metric,paired_runs,mean_constructed_graph,mean_comparison_model,mean_difference_constructed_minus_comparison,wilcoxon_statistic,p_value,significant_at_alpha,better_mean_model,note
IEEE-CIS,GAT-address,MLP,pr_auc,10,0.20318365136596142,0.4248846279291471,-0.22170097656318571,0.0,0.001953125,True,MLP,
IEEE-CIS,GAT-address,MLP,f1_score,10,0.272707684928966,0.4406854152334905,-0.16797773030452445,0.0,0.001953125,True,MLP,
IEEE-CIS,GAT-address,MLP,roc_auc,10,0.81922030299708,0.8585758576617266,-0.039355554664646596,0.0,0.001953125,True,MLP,
IEEE-CIS,GAT-address,MLP,recall,10,0.30460912788070493,0.37094441934026207,-0.06633529145955716,3.0,0.009765625,True,MLP,
IEEE-CIS,GAT-address,MLP,precision,10,0.2498268682953863,0.5481626220877068,-0.2983357537923205,0.0,0.001953125,True,MLP,
IEEE-CIS,GAT-address,LSTM,pr_auc,10,0.20318365136596142,0.4150954593696519,-0.21191180800369053,0.0,0.001953125,True,LSTM,
IEEE-CIS,GAT-address,LSTM,f1_score,10,0.272707684928966,0.4309849836911643,-0.1582772987621983,0.0,0.001953125,True,LSTM,
IEEE-CIS,GAT-address,LSTM,roc_auc,10,0.81922030299708,0.8558044541097203,-0.036584151112640226,1.0,0.00390625,True,LSTM,
IEEE-CIS,GAT-address,LSTM,recall,10,0.30460912788070493,0.4005874378671487,-0.09597830998644374,0.0,0.001953125,True,LSTM,
IEEE-CIS,GAT-address,LSTM,precision,10,0.2498268682953863,0.46823530405155883,-0.2184084357561725,0.0,0.001953125,True,LSTM,
IEEE-CIS,GAT-address,Transformer,pr_auc,10,0.20318365136596142,0.4103675313300704,-0.20718387996410909,0.0,0.001953125,True,Transformer,
IEEE-CIS,GAT-address,Transformer,f1_score,10,0.272707684928966,0.44326723721623446,-0.1705595522872685,0.0,0.001953125,True,Transformer,
IEEE-CIS,GAT-address,Transformer,roc_auc,10,0.81922030299708,0.8485253420102673,-0.029305039013187272,5.0,0.01953125,True,Transformer,
IEEE-CIS,GAT-address,Transformer,recall,10,0.30460912788070493,0.4075915047446904,-0.10298237686398556,0.0,0.001953125,True,Transformer,
IEEE-CIS,GAT-address,Transformer,precision,10,0.2498268682953863,0.4911451602919805,-0.2413182919965941,0.0,0.001953125,True,Transformer,
IEEE-CIS,GAT-address,GCN-main,pr_auc,10,0.20318365136596142,0.2938947783427996,-0.09071112697683821,10.0,0.083984375,False,GCN-main,
IEEE-CIS,GAT-address,GCN-main,f1_score,10,0.272707684928966,0.34701817385712763,-0.0743104889281616,5.0,0.01953125,True,GCN-main,
IEEE-CIS,GAT-address,GCN-main,roc_auc,10,0.81922030299708,0.8430598050946102,-0.023839502097530198,17.0,0.322265625,False,GCN-main,
IEEE-CIS,GAT-address,GCN-main,recall,10,0.30460912788070493,0.36452779032986893,-0.05991866244916404,2.0,0.005859375,True,GCN-main,
IEEE-CIS,GAT-address,GCN-main,precision,10,0.2498268682953863,0.34546886558234646,-0.09564199728696018,7.0,0.037109375,True,GCN-main,
IEEE-CIS,GAT-address,GraphSAGE-main,pr_auc,10,0.20318365136596142,0.34317414723930734,-0.13999049587334594,0.0,0.001953125,True,GraphSAGE-main,
IEEE-CIS,GAT-address,GraphSAGE-main,f1_score,10,0.272707684928966,0.3788134066986656,-0.10610572176969957,0.0,0.001953125,True,GraphSAGE-main,
IEEE-CIS,GAT-address,GraphSAGE-main,roc_auc,10,0.81922030299708,0.8584549573133635,-0.03923465431628346,0.0,0.001953125,True,GraphSAGE-main,
IEEE-CIS,GAT-address,GraphSAGE-main,recall,10,0.30460912788070493,0.39724356077722545,-0.09263443289652057,0.0,0.001953125,True,GraphSAGE-main,
IEEE-CIS,GAT-address,GraphSAGE-main,precision,10,0.2498268682953863,0.36475221439551114,-0.11492534610012477,0.0,0.001953125,True,GraphSAGE-main,
IEEE-CIS,GAT-address,GAT-main,pr_auc,10,0.20318365136596142,0.247969206311674,-0.04478555494571258,18.0,0.375,False,GAT-main,
IEEE-CIS,GAT-address,GAT-main,f1_score,10,0.272707684928966,0.2963929771076235,-0.02368529217865752,12.0,0.130859375,False,GAT-main,
IEEE-CIS,GAT-address,GAT-main,roc_auc,10,0.81922030299708,0.8186530771302797,0.0005672258668004582,25.0,0.845703125,False,GAT-address,
IEEE-CIS,GAT-address,GAT-main,recall,10,0.30460912788070493,0.33059195661997287,-0.025982828739267973,14.0,0.193359375,False,GAT-main,
IEEE-CIS,GAT-address,GAT-main,precision,10,0.2498268682953863,0.27977409119785646,-0.029947222902470122,19.0,0.431640625,False,GAT-main,
IEEE-CIS,GAT-card,MLP,pr_auc,10,0.2176449356945381,0.4248846279291471,-0.207239692234609,0.0,0.001953125,True,MLP,
IEEE-CIS,GAT-card,MLP,f1_score,10,0.2744922915853248,0.4406854152334905,-0.16619312364816569,0.0,0.001953125,True,MLP,
IEEE-CIS,GAT-card,MLP,roc_auc,10,0.802653556329067,0.8585758576617266,-0.055922301332659644,0.0,0.001953125,True,MLP,
IEEE-CIS,GAT-card,MLP,recall,10,0.30962494351558967,0.37094441934026207,-0.06131947582467236,10.0,0.083984375,False,MLP,
IEEE-CIS,GAT-card,MLP,precision,10,0.27353802572213237,0.5481626220877068,-0.27462459636557446,0.0,0.001953125,True,MLP,
IEEE-CIS,GAT-card,LSTM,pr_auc,10,0.2176449356945381,0.4150954593696519,-0.1974505236751138,0.0,0.001953125,True,LSTM,
IEEE-CIS,GAT-card,LSTM,f1_score,10,0.2744922915853248,0.4309849836911643,-0.15649269210583952,0.0,0.001953125,True,LSTM,
IEEE-CIS,GAT-card,LSTM,roc_auc,10,0.802653556329067,0.8558044541097203,-0.053150897780653274,0.0,0.001953125,True,LSTM,
IEEE-CIS,GAT-card,LSTM,recall,10,0.30962494351558967,0.4005874378671487,-0.09096249435155897,5.0,0.01953125,True,LSTM,
IEEE-CIS,GAT-card,LSTM,precision,10,0.27353802572213237,0.46823530405155883,-0.19469727832942643,0.0,0.001953125,True,LSTM,
IEEE-CIS,GAT-card,Transformer,pr_auc,10,0.2176449356945381,0.4103675313300704,-0.19272259563553235,0.0,0.001953125,True,Transformer,
IEEE-CIS,GAT-card,Transformer,f1_score,10,0.2744922915853248,0.44326723721623446,-0.16877494563090972,0.0,0.001953125,True,Transformer,
IEEE-CIS,GAT-card,Transformer,roc_auc,10,0.802653556329067,0.8485253420102673,-0.04587178568120032,3.0,0.009765625,True,Transformer,
IEEE-CIS,GAT-card,Transformer,recall,10,0.30962494351558967,0.4075915047446904,-0.09796656122910077,2.0,0.005859375,True,Transformer,
IEEE-CIS,GAT-card,Transformer,precision,10,0.27353802572213237,0.4911451602919805,-0.2176071345698481,0.0,0.001953125,True,Transformer,
IEEE-CIS,GAT-card,GCN-main,pr_auc,10,0.2176449356945381,0.2938947783427996,-0.07624984264826148,10.0,0.083984375,False,GCN-main,
IEEE-CIS,GAT-card,GCN-main,f1_score,10,0.2744922915853248,0.34701817385712763,-0.07252588227180283,8.0,0.048828125,True,GCN-main,
IEEE-CIS,GAT-card,GCN-main,roc_auc,10,0.802653556329067,0.8430598050946102,-0.04040624876554324,14.0,0.193359375,False,GCN-main,
IEEE-CIS,GAT-card,GCN-main,recall,10,0.30962494351558967,0.36452779032986893,-0.054902846814279246,14.0,0.193359375,False,GCN-main,
IEEE-CIS,GAT-card,GCN-main,precision,10,0.27353802572213237,0.34546886558234646,-0.07193083986021412,12.0,0.130859375,False,GCN-main,
IEEE-CIS,GAT-card,GraphSAGE-main,pr_auc,10,0.2176449356945381,0.34317414723930734,-0.12552921154476926,0.0,0.001953125,True,GraphSAGE-main,
IEEE-CIS,GAT-card,GraphSAGE-main,f1_score,10,0.2744922915853248,0.3788134066986656,-0.10432111511334079,0.0,0.001953125,True,GraphSAGE-main,
IEEE-CIS,GAT-card,GraphSAGE-main,roc_auc,10,0.802653556329067,0.8584549573133635,-0.0558014009842965,0.0,0.001953125,True,GraphSAGE-main,
IEEE-CIS,GAT-card,GraphSAGE-main,recall,10,0.30962494351558967,0.39724356077722545,-0.0876186172616358,7.0,0.037109375,True,GraphSAGE-main,
IEEE-CIS,GAT-card,GraphSAGE-main,precision,10,0.27353802572213237,0.36475221439551114,-0.09121418867337869,7.0,0.037109375,True,GraphSAGE-main,
IEEE-CIS,GAT-card,GAT-main,pr_auc,10,0.2176449356945381,0.247969206311674,-0.030324270617135874,9.0,0.064453125,False,GAT-main,
IEEE-CIS,GAT-card,GAT-main,f1_score,10,0.2744922915853248,0.2963929771076235,-0.021900685522298742,7.0,0.037109375,True,GAT-main,
IEEE-CIS,GAT-card,GAT-main,roc_auc,10,0.802653556329067,0.8186530771302797,-0.015999520801212586,5.0,0.01953125,True,GAT-main,
IEEE-CIS,GAT-card,GAT-main,recall,10,0.30962494351558967,0.33059195661997287,-0.020967013104383193,15.0,0.232421875,False,GAT-main,
IEEE-CIS,GAT-card,GAT-main,precision,10,0.27353802572213237,0.27977409119785646,-0.006236065475724051,18.0,0.375,False,GAT-main,
IEEE-CIS,GAT-email_domain,MLP,pr_auc,10,0.17114907354265985,0.4248846279291471,-0.25373555438648726,0.0,0.001953125,True,MLP,
IEEE-CIS,GAT-email_domain,MLP,f1_score,10,0.25775941590306484,0.4406854152334905,-0.18292599933042566,0.0,0.001953125,True,MLP,
IEEE-CIS,GAT-email_domain,MLP,roc_auc,10,0.8127113341340862,0.8585758576617266,-0.04586452352764048,0.0,0.001953125,True,MLP,
IEEE-CIS,GAT-email_domain,MLP,recall,10,0.32507907817442383,0.37094441934026207,-0.045865341165838215,13.0,0.16015625,False,MLP,
IEEE-CIS,GAT-email_domain,MLP,precision,10,0.22080609364577466,0.5481626220877068,-0.32735652844193214,0.0,0.001953125,True,MLP,
IEEE-CIS,GAT-email_domain,LSTM,pr_auc,10,0.17114907354265985,0.4150954593696519,-0.24394638582699207,0.0,0.001953125,True,LSTM,
IEEE-CIS,GAT-email_domain,LSTM,f1_score,10,0.25775941590306484,0.4309849836911643,-0.17322556778809947,0.0,0.001953125,True,LSTM,
IEEE-CIS,GAT-email_domain,LSTM,roc_auc,10,0.8127113341340862,0.8558044541097203,-0.04309311997563411,0.0,0.001953125,True,LSTM,
IEEE-CIS,GAT-email_domain,LSTM,recall,10,0.32507907817442383,0.4005874378671487,-0.0755083596927248,5.0,0.01953125,True,LSTM,
IEEE-CIS,GAT-email_domain,LSTM,precision,10,0.22080609364577466,0.46823530405155883,-0.2474292104057841,0.0,0.001953125,True,LSTM,
IEEE-CIS,GAT-email_domain,Transformer,pr_auc,10,0.17114907354265985,0.4103675313300704,-0.23921845778741058,0.0,0.001953125,True,Transformer,
IEEE-CIS,GAT-email_domain,Transformer,f1_score,10,0.25775941590306484,0.44326723721623446,-0.18550782131316967,0.0,0.001953125,True,Transformer,
IEEE-CIS,GAT-email_domain,Transformer,roc_auc,10,0.8127113341340862,0.8485253420102673,-0.03581400787618115,3.0,0.009765625,True,Transformer,
IEEE-CIS,GAT-email_domain,Transformer,recall,10,0.32507907817442383,0.4075915047446904,-0.08251242657026661,3.0,0.009765625,True,Transformer,
IEEE-CIS,GAT-email_domain,Transformer,precision,10,0.22080609364577466,0.4911451602919805,-0.2703390666462058,0.0,0.001953125,True,Transformer,
IEEE-CIS,GAT-email_domain,GCN-main,pr_auc,10,0.17114907354265985,0.2938947783427996,-0.12274570480013973,4.0,0.013671875,True,GCN-main,
IEEE-CIS,GAT-email_domain,GCN-main,f1_score,10,0.25775941590306484,0.34701817385712763,-0.0892587579540628,3.0,0.009765625,True,GCN-main,
IEEE-CIS,GAT-email_domain,GCN-main,roc_auc,10,0.8127113341340862,0.8430598050946102,-0.030348470960524076,15.0,0.232421875,False,GCN-main,
IEEE-CIS,GAT-email_domain,GCN-main,recall,10,0.32507907817442383,0.36452779032986893,-0.039448712155445084,16.5,0.28515625,False,GCN-main,
IEEE-CIS,GAT-email_domain,GCN-main,precision,10,0.22080609364577466,0.34546886558234646,-0.12466277193657183,3.0,0.009765625,True,GCN-main,
IEEE-CIS,GAT-email_domain,GraphSAGE-main,pr_auc,10,0.17114907354265985,0.34317414723930734,-0.1720250736966475,0.0,0.001953125,True,GraphSAGE-main,
IEEE-CIS,GAT-email_domain,GraphSAGE-main,f1_score,10,0.25775941590306484,0.3788134066986656,-0.1210539907956008,0.0,0.001953125,True,GraphSAGE-main,
IEEE-CIS,GAT-email_domain,GraphSAGE-main,roc_auc,10,0.8127113341340862,0.8584549573133635,-0.04574362317927734,0.0,0.001953125,True,GraphSAGE-main,
IEEE-CIS,GAT-email_domain,GraphSAGE-main,recall,10,0.32507907817442383,0.39724356077722545,-0.07216448260280164,5.0,0.01953125,True,GraphSAGE-main,
IEEE-CIS,GAT-email_domain,GraphSAGE-main,precision,10,0.22080609364577466,0.36475221439551114,-0.1439461207497364,0.0,0.001953125,True,GraphSAGE-main,
IEEE-CIS,GAT-email_domain,GAT-main,pr_auc,10,0.17114907354265985,0.247969206311674,-0.07682013276901412,4.0,0.013671875,True,GAT-main,
IEEE-CIS,GAT-email_domain,GAT-main,f1_score,10,0.25775941590306484,0.2963929771076235,-0.038633561204558714,5.0,0.01953125,True,GAT-main,
IEEE-CIS,GAT-email_domain,GAT-main,roc_auc,10,0.8127113341340862,0.8186530771302797,-0.005941742996193422,17.0,0.322265625,False,GAT-main,
IEEE-CIS,GAT-email_domain,GAT-main,recall,10,0.32507907817442383,0.33059195661997287,-0.00551287844554903,25.0,0.845703125,False,GAT-main,
IEEE-CIS,GAT-email_domain,GAT-main,precision,10,0.22080609364577466,0.27977409119785646,-0.05896799755208175,5.0,0.01953125,True,GAT-main,
IEEE-CIS,GAT-identifier_time_window-24h,MLP,pr_auc,10,0.23423169771216323,0.4248846279291471,-0.19065293021698387,0.0,0.001953125,True,MLP,
IEEE-CIS,GAT-identifier_time_window-24h,MLP,f1_score,10,0.2941960961427753,0.4406854152334905,-0.1464893190907151,0.0,0.001953125,True,MLP,
IEEE-CIS,GAT-identifier_time_window-24h,MLP,roc_auc,10,0.8138359638745583,0.8585758576617266,-0.04473989378716843,0.0,0.001953125,True,MLP,
IEEE-CIS,GAT-identifier_time_window-24h,MLP,recall,10,0.32959783099864437,0.37094441934026207,-0.04134658834161771,21.0,0.556640625,False,MLP,
IEEE-CIS,GAT-identifier_time_window-24h,MLP,precision,10,0.2765093149045072,0.5481626220877068,-0.2716533071831997,0.0,0.001953125,True,MLP,
IEEE-CIS,GAT-identifier_time_window-24h,LSTM,pr_auc,10,0.23423169771216323,0.4150954593696519,-0.1808637616574887,0.0,0.001953125,True,LSTM,
IEEE-CIS,GAT-identifier_time_window-24h,LSTM,f1_score,10,0.2941960961427753,0.4309849836911643,-0.13678888754838892,0.0,0.001953125,True,LSTM,
IEEE-CIS,GAT-identifier_time_window-24h,LSTM,roc_auc,10,0.8138359638745583,0.8558044541097203,-0.04196849023516206,3.0,0.009765625,True,LSTM,
IEEE-CIS,GAT-identifier_time_window-24h,LSTM,recall,10,0.32959783099864437,0.4005874378671487,-0.07098960686850429,4.0,0.013671875,True,LSTM,
IEEE-CIS,GAT-identifier_time_window-24h,LSTM,precision,10,0.2765093149045072,0.46823530405155883,-0.1917259891470517,0.0,0.001953125,True,LSTM,
IEEE-CIS,GAT-identifier_time_window-24h,Transformer,pr_auc,10,0.23423169771216323,0.4103675313300704,-0.17613583361790722,0.0,0.001953125,True,Transformer,
IEEE-CIS,GAT-identifier_time_window-24h,Transformer,f1_score,10,0.2941960961427753,0.44326723721623446,-0.14907114107345912,0.0,0.001953125,True,Transformer,
IEEE-CIS,GAT-identifier_time_window-24h,Transformer,roc_auc,10,0.8138359638745583,0.8485253420102673,-0.034689378135709104,15.0,0.232421875,False,Transformer,
IEEE-CIS,GAT-identifier_time_window-24h,Transformer,recall,10,0.32959783099864437,0.4075915047446904,-0.07799367374604611,4.0,0.013671875,True,Transformer,
IEEE-CIS,GAT-identifier_time_window-24h,Transformer,precision,10,0.2765093149045072,0.4911451602919805,-0.21463584538747332,0.0,0.001953125,True,Transformer,
IEEE-CIS,GAT-identifier_time_window-24h,GCN-main,pr_auc,10,0.23423169771216323,0.2938947783427996,-0.05966308063063634,15.0,0.232421875,False,GCN-main,
IEEE-CIS,GAT-identifier_time_window-24h,GCN-main,f1_score,10,0.2941960961427753,0.34701817385712763,-0.052822077714352225,9.0,0.064453125,False,GCN-main,
IEEE-CIS,GAT-identifier_time_window-24h,GCN-main,roc_auc,10,0.8138359638745583,0.8430598050946102,-0.029223841220052026,19.0,0.431640625,False,GCN-main,
IEEE-CIS,GAT-identifier_time_window-24h,GCN-main,recall,10,0.32959783099864437,0.36452779032986893,-0.03492995933122457,20.0,0.4921875,False,GCN-main,
IEEE-CIS,GAT-identifier_time_window-24h,GCN-main,precision,10,0.2765093149045072,0.34546886558234646,-0.06895955067783932,10.0,0.083984375,False,GCN-main,
IEEE-CIS,GAT-identifier_time_window-24h,GraphSAGE-main,pr_auc,10,0.23423169771216323,0.34317414723930734,-0.10894244952714409,0.0,0.001953125,True,GraphSAGE-main,
IEEE-CIS,GAT-identifier_time_window-24h,GraphSAGE-main,f1_score,10,0.2941960961427753,0.3788134066986656,-0.08461731055589021,0.0,0.001953125,True,GraphSAGE-main,
IEEE-CIS,GAT-identifier_time_window-24h,GraphSAGE-main,roc_auc,10,0.8138359638745583,0.8584549573133635,-0.044618993438805286,0.0,0.001953125,True,GraphSAGE-main,
IEEE-CIS,GAT-identifier_time_window-24h,GraphSAGE-main,recall,10,0.32959783099864437,0.39724356077722545,-0.06764572977858112,1.0,0.00390625,True,GraphSAGE-main,
IEEE-CIS,GAT-identifier_time_window-24h,GraphSAGE-main,precision,10,0.2765093149045072,0.36475221439551114,-0.08824289949100392,2.0,0.005859375,True,GraphSAGE-main,
IEEE-CIS,GAT-identifier_time_window-24h,GAT-main,pr_auc,10,0.23423169771216323,0.247969206311674,-0.013737508599510728,23.0,0.6953125,False,GAT-main,
IEEE-CIS,GAT-identifier_time_window-24h,GAT-main,f1_score,10,0.2941960961427753,0.2963929771076235,-0.0021968809648481523,19.0,0.431640625,False,GAT-main,
IEEE-CIS,GAT-identifier_time_window-24h,GAT-main,roc_auc,10,0.8138359638745583,0.8186530771302797,-0.0048171132557213725,21.0,0.556640625,False,GAT-main,
IEEE-CIS,GAT-identifier_time_window-24h,GAT-main,recall,10,0.32959783099864437,0.33059195661997287,-0.000994125621328519,27.0,1.0,False,GAT-main,
IEEE-CIS,GAT-identifier_time_window-24h,GAT-main,precision,10,0.2765093149045072,0.27977409119785646,-0.0032647762933492807,25.0,0.845703125,False,GAT-main,
IEEE-CIS,GCN-address,MLP,pr_auc,10,0.27770191829401314,0.4248846279291471,-0.147182709635134,1.0,0.00390625,True,MLP,
IEEE-CIS,GCN-address,MLP,f1_score,10,0.3328477989845391,0.4406854152334905,-0.10783761624895141,0.0,0.001953125,True,MLP,
IEEE-CIS,GCN-address,MLP,roc_auc,10,0.8479441197038857,0.8585758576617266,-0.010631737957840915,21.0,0.556640625,False,MLP,
IEEE-CIS,GCN-address,MLP,recall,10,0.4033438770899232,0.37094441934026207,0.03239945774966112,11.0,0.10546875,False,GCN-address,
IEEE-CIS,GCN-address,MLP,precision,10,0.2974679540519476,0.5481626220877068,-0.25069466803575924,0.0,0.001953125,True,MLP,
IEEE-CIS,GCN-address,LSTM,pr_auc,10,0.27770191829401314,0.4150954593696519,-0.13739354107563878,0.0,0.001953125,True,LSTM,
IEEE-CIS,GCN-address,LSTM,f1_score,10,0.3328477989845391,0.4309849836911643,-0.09813718470662523,0.0,0.001953125,True,LSTM,
IEEE-CIS,GCN-address,LSTM,roc_auc,10,0.8479441197038857,0.8558044541097203,-0.007860334405834547,26.0,0.921875,False,LSTM,
IEEE-CIS,GCN-address,LSTM,recall,10,0.4033438770899232,0.4005874378671487,0.002756439222774526,26.0,0.921875,False,GCN-address,
IEEE-CIS,GCN-address,LSTM,precision,10,0.2974679540519476,0.46823530405155883,-0.17076734999961118,0.0,0.001953125,True,LSTM,
IEEE-CIS,GCN-address,Transformer,pr_auc,10,0.27770191829401314,0.4103675313300704,-0.13266561303605734,1.0,0.00390625,True,Transformer,
IEEE-CIS,GCN-address,Transformer,f1_score,10,0.3328477989845391,0.44326723721623446,-0.11041943823169545,0.0,0.001953125,True,Transformer,
IEEE-CIS,GCN-address,Transformer,roc_auc,10,0.8479441197038857,0.8485253420102673,-0.0005812223063815902,19.0,0.431640625,False,Transformer,
IEEE-CIS,GCN-address,Transformer,recall,10,0.4033438770899232,0.4075915047446904,-0.004247627654767283,27.0,1.0,False,Transformer,
IEEE-CIS,GCN-address,Transformer,precision,10,0.2974679540519476,0.4911451602919805,-0.19367720624003282,0.0,0.001953125,True,Transformer,
IEEE-CIS,GCN-address,GCN-main,pr_auc,10,0.27770191829401314,0.2938947783427996,-0.01619286004878646,26.0,0.921875,False,GCN-main,
IEEE-CIS,GCN-address,GCN-main,f1_score,10,0.3328477989845391,0.34701817385712763,-0.01417037487258856,16.0,0.275390625,False,GCN-main,
IEEE-CIS,GCN-address,GCN-main,roc_auc,10,0.8479441197038857,0.8430598050946102,0.004884314609275487,10.0,0.083984375,False,GCN-address,
IEEE-CIS,GCN-address,GCN-main,recall,10,0.4033438770899232,0.36452779032986893,0.03881608676005425,9.0,0.064453125,False,GCN-address,
IEEE-CIS,GCN-address,GCN-main,precision,10,0.2974679540519476,0.34546886558234646,-0.04800091153039888,11.0,0.10546875,False,GCN-main,
IEEE-CIS,GCN-address,GraphSAGE-main,pr_auc,10,0.27770191829401314,0.34317414723930734,-0.06547222894529423,12.0,0.130859375,False,GraphSAGE-main,
IEEE-CIS,GCN-address,GraphSAGE-main,f1_score,10,0.3328477989845391,0.3788134066986656,-0.045965607714126534,8.0,0.048828125,True,GraphSAGE-main,
IEEE-CIS,GCN-address,GraphSAGE-main,roc_auc,10,0.8479441197038857,0.8584549573133635,-0.010510837609477774,25.0,0.845703125,False,GraphSAGE-main,
IEEE-CIS,GCN-address,GraphSAGE-main,recall,10,0.4033438770899232,0.39724356077722545,0.006100316312697696,23.0,0.6953125,False,GCN-address,
IEEE-CIS,GCN-address,GraphSAGE-main,precision,10,0.2974679540519476,0.36475221439551114,-0.06728426034356347,12.0,0.130859375,False,GraphSAGE-main,
IEEE-CIS,GCN-address,GAT-main,pr_auc,10,0.27770191829401314,0.247969206311674,0.029732711982339143,16.0,0.275390625,False,GCN-address,
IEEE-CIS,GCN-address,GAT-main,f1_score,10,0.3328477989845391,0.2963929771076235,0.03645482187691553,16.0,0.275390625,False,GCN-address,
IEEE-CIS,GCN-address,GAT-main,roc_auc,10,0.8479441197038857,0.8186530771302797,0.02929104257360614,17.0,0.322265625,False,GCN-address,
IEEE-CIS,GCN-address,GAT-main,recall,10,0.4033438770899232,0.33059195661997287,0.07275192046995031,5.0,0.01953125,True,GCN-address,
IEEE-CIS,GCN-address,GAT-main,precision,10,0.2974679540519476,0.27977409119785646,0.017693862854091184,20.0,0.4921875,False,GCN-address,
IEEE-CIS,GCN-card,MLP,pr_auc,10,0.27462386076175105,0.4248846279291471,-0.15026076716739606,0.0,0.001953125,True,MLP,
IEEE-CIS,GCN-card,MLP,f1_score,10,0.33601656636211513,0.4406854152334905,-0.10466884887137533,0.0,0.001953125,True,MLP,
IEEE-CIS,GCN-card,MLP,roc_auc,10,0.8377283640233056,0.8585758576617266,-0.020847493638421033,10.0,0.083984375,False,MLP,
IEEE-CIS,GCN-card,MLP,recall,10,0.3640759150474469,0.37094441934026207,-0.006868504292815175,16.0,0.265625,False,MLP,
IEEE-CIS,GCN-card,MLP,precision,10,0.33453541356159516,0.5481626220877068,-0.21362720852611172,0.0,0.001953125,True,MLP,
IEEE-CIS,GCN-card,LSTM,pr_auc,10,0.27462386076175105,0.4150954593696519,-0.14047159860790087,0.0,0.001953125,True,LSTM,
IEEE-CIS,GCN-card,LSTM,f1_score,10,0.33601656636211513,0.4309849836911643,-0.09496841732904916,0.0,0.001953125,True,LSTM,
IEEE-CIS,GCN-card,LSTM,roc_auc,10,0.8377283640233056,0.8558044541097203,-0.018076090086414663,18.0,0.375,False,LSTM,
IEEE-CIS,GCN-card,LSTM,recall,10,0.3640759150474469,0.4005874378671487,-0.03651152281970176,5.0,0.01953125,True,LSTM,
IEEE-CIS,GCN-card,LSTM,precision,10,0.33453541356159516,0.46823530405155883,-0.13369989048996372,0.0,0.001953125,True,LSTM,
IEEE-CIS,GCN-card,Transformer,pr_auc,10,0.27462386076175105,0.4103675313300704,-0.1357436705683194,0.0,0.001953125,True,Transformer,
IEEE-CIS,GCN-card,Transformer,f1_score,10,0.33601656636211513,0.44326723721623446,-0.10725067085411935,0.0,0.001953125,True,Transformer,
IEEE-CIS,GCN-card,Transformer,roc_auc,10,0.8377283640233056,0.8485253420102673,-0.01079697798696171,22.0,0.625,False,Transformer,
IEEE-CIS,GCN-card,Transformer,recall,10,0.3640759150474469,0.4075915047446904,-0.043515589697243576,1.0,0.0078125,True,Transformer,
IEEE-CIS,GCN-card,Transformer,precision,10,0.33453541356159516,0.4911451602919805,-0.15660974673038536,0.0,0.001953125,True,Transformer,
IEEE-CIS,GCN-card,GCN-main,pr_auc,10,0.27462386076175105,0.2938947783427996,-0.019270917581048562,25.0,0.845703125,False,GCN-main,
IEEE-CIS,GCN-card,GCN-main,f1_score,10,0.33601656636211513,0.34701817385712763,-0.01100160749501248,26.0,0.921875,False,GCN-main,
IEEE-CIS,GCN-card,GCN-main,roc_auc,10,0.8377283640233056,0.8430598050946102,-0.0053314410713046325,16.0,0.275390625,False,GCN-main,
IEEE-CIS,GCN-card,GCN-main,recall,10,0.3640759150474469,0.36452779032986893,-0.0004518752824220429,22.0,0.625,False,GCN-main,
IEEE-CIS,GCN-card,GCN-main,precision,10,0.33453541356159516,0.34546886558234646,-0.010933452020751378,20.0,0.4921875,False,GCN-main,
IEEE-CIS,GCN-card,GraphSAGE-main,pr_auc,10,0.27462386076175105,0.34317414723930734,-0.06855028647755632,10.0,0.083984375,False,GraphSAGE-main,
IEEE-CIS,GCN-card,GraphSAGE-main,f1_score,10,0.33601656636211513,0.3788134066986656,-0.04279684033655046,20.0,0.4921875,False,GraphSAGE-main,
IEEE-CIS,GCN-card,GraphSAGE-main,roc_auc,10,0.8377283640233056,0.8584549573133635,-0.020726593290057892,8.0,0.048828125,True,GraphSAGE-main,
IEEE-CIS,GCN-card,GraphSAGE-main,recall,10,0.3640759150474469,0.39724356077722545,-0.033167645729778594,8.0,0.048828125,True,GraphSAGE-main,
IEEE-CIS,GCN-card,GraphSAGE-main,precision,10,0.33453541356159516,0.36475221439551114,-0.030216800833915973,22.0,0.625,False,GraphSAGE-main,
IEEE-CIS,GCN-card,GAT-main,pr_auc,10,0.27462386076175105,0.247969206311674,0.02665465445007705,21.0,0.556640625,False,GCN-card,
IEEE-CIS,GCN-card,GAT-main,f1_score,10,0.33601656636211513,0.2963929771076235,0.0396235892544916,17.0,0.322265625,False,GCN-card,
IEEE-CIS,GCN-card,GAT-main,roc_auc,10,0.8377283640233056,0.8186530771302797,0.01907528689302602,22.0,0.625,False,GCN-card,
IEEE-CIS,GCN-card,GAT-main,recall,10,0.3640759150474469,0.33059195661997287,0.033483958427474016,15.0,0.232421875,False,GCN-card,
IEEE-CIS,GCN-card,GAT-main,precision,10,0.33453541356159516,0.27977409119785646,0.05476132236373867,14.0,0.193359375,False,GCN-card,
IEEE-CIS,GCN-email_domain,MLP,pr_auc,10,0.2624464625471,0.4248846279291471,-0.16243816538204708,0.0,0.001953125,True,MLP,
IEEE-CIS,GCN-email_domain,MLP,f1_score,10,0.32431806650633443,0.4406854152334905,-0.11636734872715601,0.0,0.001953125,True,MLP,
IEEE-CIS,GCN-email_domain,MLP,roc_auc,10,0.8414444231044982,0.8585758576617266,-0.017131434557228396,13.0,0.16015625,False,MLP,
IEEE-CIS,GCN-email_domain,MLP,recall,10,0.3996836873023045,0.37094441934026207,0.028739267962042493,16.0,0.275390625,False,GCN-email_domain,
IEEE-CIS,GCN-email_domain,MLP,precision,10,0.288734724831115,0.5481626220877068,-0.2594278972565918,0.0,0.001953125,True,MLP,
IEEE-CIS,GCN-email_domain,LSTM,pr_auc,10,0.2624464625471,0.4150954593696519,-0.15264899682255187,0.0,0.001953125,True,LSTM,
IEEE-CIS,GCN-email_domain,LSTM,f1_score,10,0.32431806650633443,0.4309849836911643,-0.10666691718482986,0.0,0.001953125,True,LSTM,
IEEE-CIS,GCN-email_domain,LSTM,roc_auc,10,0.8414444231044982,0.8558044541097203,-0.01436003100522203,21.0,0.556640625,False,LSTM,
IEEE-CIS,GCN-email_domain,LSTM,recall,10,0.3996836873023045,0.4005874378671487,-0.0009037505648440969,26.0,0.921875,False,LSTM,
IEEE-CIS,GCN-email_domain,LSTM,precision,10,0.288734724831115,0.46823530405155883,-0.17950057922044385,0.0,0.001953125,True,LSTM,
IEEE-CIS,GCN-email_domain,Transformer,pr_auc,10,0.2624464625471,0.4103675313300704,-0.1479210687829704,0.0,0.001953125,True,Transformer,
IEEE-CIS,GCN-email_domain,Transformer,f1_score,10,0.32431806650633443,0.44326723721623446,-0.11894917070990005,0.0,0.001953125,True,Transformer,
IEEE-CIS,GCN-email_domain,Transformer,roc_auc,10,0.8414444231044982,0.8485253420102673,-0.007080918905769074,27.0,1.0,False,Transformer,
IEEE-CIS,GCN-email_domain,Transformer,recall,10,0.3996836873023045,0.4075915047446904,-0.007907817442385907,16.0,0.49609375,False,Transformer,
IEEE-CIS,GCN-email_domain,Transformer,precision,10,0.288734724831115,0.4911451602919805,-0.20241043546086548,0.0,0.001953125,True,Transformer,
IEEE-CIS,GCN-email_domain,GCN-main,pr_auc,10,0.2624464625471,0.2938947783427996,-0.031448315795699545,16.0,0.275390625,False,GCN-main,
IEEE-CIS,GCN-email_domain,GCN-main,f1_score,10,0.32431806650633443,0.34701817385712763,-0.02270010735079318,7.0,0.037109375,True,GCN-main,
IEEE-CIS,GCN-email_domain,GCN-main,roc_auc,10,0.8414444231044982,0.8430598050946102,-0.001615381990111997,13.0,0.16015625,False,GCN-main,
IEEE-CIS,GCN-email_domain,GCN-main,recall,10,0.3996836873023045,0.36452779032986893,0.035155896972435624,11.0,0.10546875,False,GCN-email_domain,
IEEE-CIS,GCN-email_domain,GCN-main,precision,10,0.288734724831115,0.34546886558234646,-0.056734140751231496,6.0,0.02734375,True,GCN-main,
IEEE-CIS,GCN-email_domain,GraphSAGE-main,pr_auc,10,0.2624464625471,0.34317414723930734,-0.0807276846922073,10.0,0.083984375,False,GraphSAGE-main,
IEEE-CIS,GCN-email_domain,GraphSAGE-main,f1_score,10,0.32431806650633443,0.3788134066986656,-0.054495340192331154,6.0,0.02734375,True,GraphSAGE-main,
IEEE-CIS,GCN-email_domain,GraphSAGE-main,roc_auc,10,0.8414444231044982,0.8584549573133635,-0.01701053420886526,14.0,0.193359375,False,GraphSAGE-main,
IEEE-CIS,GCN-email_domain,GraphSAGE-main,recall,10,0.3996836873023045,0.39724356077722545,0.0024401265250790726,27.0,1.0,False,GCN-email_domain,
IEEE-CIS,GCN-email_domain,GraphSAGE-main,precision,10,0.288734724831115,0.36475221439551114,-0.07601748956439609,9.0,0.064453125,False,GraphSAGE-main,
IEEE-CIS,GCN-email_domain,GAT-main,pr_auc,10,0.2624464625471,0.247969206311674,0.014477256235426065,27.0,1.0,False,GCN-email_domain,
IEEE-CIS,GCN-email_domain,GAT-main,f1_score,10,0.32431806650633443,0.2963929771076235,0.0279250893987109,18.0,0.375,False,GCN-email_domain,
IEEE-CIS,GCN-email_domain,GAT-main,roc_auc,10,0.8414444231044982,0.8186530771302797,0.022791345974218658,19.0,0.431640625,False,GCN-email_domain,
IEEE-CIS,GCN-email_domain,GAT-main,recall,10,0.3996836873023045,0.33059195661997287,0.06909173068233168,4.0,0.013671875,True,GCN-email_domain,
IEEE-CIS,GCN-email_domain,GAT-main,precision,10,0.288734724831115,0.27977409119785646,0.008960633633258556,27.0,1.0,False,GCN-email_domain,
IEEE-CIS,GCN-identifier_time_window-24h,MLP,pr_auc,10,0.325611969942026,0.4248846279291471,-0.09927265798712112,1.0,0.00390625,True,MLP,
IEEE-CIS,GCN-identifier_time_window-24h,MLP,f1_score,10,0.35734871633321197,0.4406854152334905,-0.0833366989002785,0.0,0.001953125,True,MLP,
IEEE-CIS,GCN-identifier_time_window-24h,MLP,roc_auc,10,0.8507815846063588,0.8585758576617266,-0.007794273055367984,27.0,1.0,False,MLP,
IEEE-CIS,GCN-identifier_time_window-24h,MLP,recall,10,0.38838680524175323,0.37094441934026207,0.017442385901491185,17.0,0.322265625,False,GCN-identifier_time_window-24h,
IEEE-CIS,GCN-identifier_time_window-24h,MLP,precision,10,0.35535883117068995,0.5481626220877068,-0.19280379091701688,0.0,0.001953125,True,MLP,
IEEE-CIS,GCN-identifier_time_window-24h,LSTM,pr_auc,10,0.325611969942026,0.4150954593696519,-0.08948348942762592,0.0,0.001953125,True,LSTM,
IEEE-CIS,GCN-identifier_time_window-24h,LSTM,f1_score,10,0.35734871633321197,0.4309849836911643,-0.07363626735795233,0.0,0.001953125,True,LSTM,
IEEE-CIS,GCN-identifier_time_window-24h,LSTM,roc_auc,10,0.8507815846063588,0.8558044541097203,-0.0050228695033616155,19.0,0.431640625,False,LSTM,
IEEE-CIS,GCN-identifier_time_window-24h,LSTM,recall,10,0.38838680524175323,0.4005874378671487,-0.012200632625395402,17.0,0.322265625,False,LSTM,
IEEE-CIS,GCN-identifier_time_window-24h,LSTM,precision,10,0.35535883117068995,0.46823530405155883,-0.11287647288086888,1.0,0.00390625,True,LSTM,
IEEE-CIS,GCN-identifier_time_window-24h,Transformer,pr_auc,10,0.325611969942026,0.4103675313300704,-0.08475556138804445,1.0,0.00390625,True,Transformer,
IEEE-CIS,GCN-identifier_time_window-24h,Transformer,f1_score,10,0.35734871633321197,0.44326723721623446,-0.08591852088302251,0.0,0.001953125,True,Transformer,
IEEE-CIS,GCN-identifier_time_window-24h,Transformer,roc_auc,10,0.8507815846063588,0.8485253420102673,0.0022562425960913402,19.0,0.431640625,False,GCN-identifier_time_window-24h,
IEEE-CIS,GCN-identifier_time_window-24h,Transformer,recall,10,0.38838680524175323,0.4075915047446904,-0.01920469950293721,9.0,0.064453125,False,Transformer,
IEEE-CIS,GCN-identifier_time_window-24h,Transformer,precision,10,0.35535883117068995,0.4911451602919805,-0.13578632912129052,0.0,0.001953125,True,Transformer,
IEEE-CIS,GCN-identifier_time_window-24h,GCN-main,pr_auc,10,0.325611969942026,0.2938947783427996,0.0317171915992264,0.0,0.001953125,True,GCN-identifier_time_window-24h,
IEEE-CIS,GCN-identifier_time_window-24h,GCN-main,f1_score,10,0.35734871633321197,0.34701817385712763,0.01033054247608436,8.0,0.048828125,True,GCN-identifier_time_window-24h,
IEEE-CIS,GCN-identifier_time_window-24h,GCN-main,roc_auc,10,0.8507815846063588,0.8430598050946102,0.007721779511748417,0.0,0.001953125,True,GCN-identifier_time_window-24h,
IEEE-CIS,GCN-identifier_time_window-24h,GCN-main,recall,10,0.38838680524175323,0.36452779032986893,0.02385901491188432,12.0,0.130859375,False,GCN-identifier_time_window-24h,
IEEE-CIS,GCN-identifier_time_window-24h,GCN-main,precision,10,0.35535883117068995,0.34546886558234646,0.009889965588343458,25.0,0.845703125,False,GCN-identifier_time_window-24h,
IEEE-CIS,GCN-identifier_time_window-24h,GraphSAGE-main,pr_auc,10,0.325611969942026,0.34317414723930734,-0.017562177297281364,25.0,0.845703125,False,GraphSAGE-main,
IEEE-CIS,GCN-identifier_time_window-24h,GraphSAGE-main,f1_score,10,0.35734871633321197,0.3788134066986656,-0.021464690365453613,27.0,1.0,False,GraphSAGE-main,
IEEE-CIS,GCN-identifier_time_window-24h,GraphSAGE-main,roc_auc,10,0.8507815846063588,0.8584549573133635,-0.007673372707004844,22.0,0.625,False,GraphSAGE-main,
IEEE-CIS,GCN-identifier_time_window-24h,GraphSAGE-main,recall,10,0.38838680524175323,0.39724356077722545,-0.008856755535472233,20.0,0.4921875,False,GraphSAGE-main,
IEEE-CIS,GCN-identifier_time_window-24h,GraphSAGE-main,precision,10,0.35535883117068995,0.36475221439551114,-0.009393383224821139,27.0,1.0,False,GraphSAGE-main,
IEEE-CIS,GCN-identifier_time_window-24h,GAT-main,pr_auc,10,0.325611969942026,0.247969206311674,0.07764276363035201,8.0,0.048828125,True,GCN-identifier_time_window-24h,
IEEE-CIS,GCN-identifier_time_window-24h,GAT-main,f1_score,10,0.35734871633321197,0.2963929771076235,0.060955739225588446,9.0,0.064453125,False,GCN-identifier_time_window-24h,
IEEE-CIS,GCN-identifier_time_window-24h,GAT-main,roc_auc,10,0.8507815846063588,0.8186530771302797,0.03212850747607907,10.0,0.083984375,False,GCN-identifier_time_window-24h,
IEEE-CIS,GCN-identifier_time_window-24h,GAT-main,recall,10,0.38838680524175323,0.33059195661997287,0.05779484862178038,9.0,0.064453125,False,GCN-identifier_time_window-24h,
IEEE-CIS,GCN-identifier_time_window-24h,GAT-main,precision,10,0.35535883117068995,0.27977409119785646,0.07558473997283352,10.0,0.083984375,False,GCN-identifier_time_window-24h,
IEEE-CIS,GraphSAGE-address,MLP,pr_auc,10,0.3665065945390656,0.4248846279291471,-0.05837803339008148,8.0,0.048828125,True,MLP,
IEEE-CIS,GraphSAGE-address,MLP,f1_score,10,0.39166210969583903,0.4406854152334905,-0.04902330553765143,1.0,0.00390625,True,MLP,
IEEE-CIS,GraphSAGE-address,MLP,roc_auc,10,0.8631525848898252,0.8585758576617266,0.00457672722809851,10.0,0.083984375,False,GraphSAGE-address,
IEEE-CIS,GraphSAGE-address,MLP,recall,10,0.4175327609579756,0.37094441934026207,0.04658834161771353,2.0,0.005859375,True,GraphSAGE-address,
IEEE-CIS,GraphSAGE-address,MLP,precision,10,0.3750159282742166,0.5481626220877068,-0.17314669381349024,0.0,0.001953125,True,MLP,
IEEE-CIS,GraphSAGE-address,LSTM,pr_auc,10,0.3665065945390656,0.4150954593696519,-0.04858886483058626,0.0,0.001953125,True,LSTM,
IEEE-CIS,GraphSAGE-address,LSTM,f1_score,10,0.39166210969583903,0.4309849836911643,-0.03932287399532526,0.0,0.001953125,True,LSTM,
IEEE-CIS,GraphSAGE-address,LSTM,roc_auc,10,0.8631525848898252,0.8558044541097203,0.007348130780104878,9.0,0.064453125,False,GraphSAGE-address,
IEEE-CIS,GraphSAGE-address,LSTM,recall,10,0.4175327609579756,0.4005874378671487,0.01694532309082694,16.0,0.275390625,False,GraphSAGE-address,
IEEE-CIS,GraphSAGE-address,LSTM,precision,10,0.3750159282742166,0.46823530405155883,-0.09321937577734225,0.0,0.001953125,True,LSTM,
IEEE-CIS,GraphSAGE-address,Transformer,pr_auc,10,0.3665065945390656,0.4103675313300704,-0.0438609367910048,6.0,0.02734375,True,Transformer,
IEEE-CIS,GraphSAGE-address,Transformer,f1_score,10,0.39166210969583903,0.44326723721623446,-0.05160512752039546,0.0,0.001953125,True,Transformer,
IEEE-CIS,GraphSAGE-address,Transformer,roc_auc,10,0.8631525848898252,0.8485253420102673,0.014627242879557833,0.0,0.001953125,True,GraphSAGE-address,
IEEE-CIS,GraphSAGE-address,Transformer,recall,10,0.4175327609579756,0.4075915047446904,0.009941256213285132,22.0,0.625,False,GraphSAGE-address,
IEEE-CIS,GraphSAGE-address,Transformer,precision,10,0.3750159282742166,0.4911451602919805,-0.1161292320177639,1.0,0.00390625,True,Transformer,
IEEE-CIS,GraphSAGE-address,GCN-main,pr_auc,10,0.3665065945390656,0.2938947783427996,0.07261181619626607,8.0,0.048828125,True,GraphSAGE-address,
IEEE-CIS,GraphSAGE-address,GCN-main,f1_score,10,0.39166210969583903,0.34701817385712763,0.044643935838711415,1.0,0.00390625,True,GraphSAGE-address,
IEEE-CIS,GraphSAGE-address,GCN-main,roc_auc,10,0.8631525848898252,0.8430598050946102,0.02009277979521491,0.0,0.001953125,True,GraphSAGE-address,
IEEE-CIS,GraphSAGE-address,GCN-main,recall,10,0.4175327609579756,0.36452779032986893,0.05300497062810665,2.0,0.005859375,True,GraphSAGE-address,
IEEE-CIS,GraphSAGE-address,GCN-main,precision,10,0.3750159282742166,0.34546886558234646,0.02954706269187008,27.0,1.0,False,GraphSAGE-address,
IEEE-CIS,GraphSAGE-address,GraphSAGE-main,pr_auc,10,0.3665065945390656,0.34317414723930734,0.0233324472997583,17.0,0.322265625,False,GraphSAGE-address,
IEEE-CIS,GraphSAGE-address,GraphSAGE-main,f1_score,10,0.39166210969583903,0.3788134066986656,0.012848702997173445,16.0,0.275390625,False,GraphSAGE-address,
IEEE-CIS,GraphSAGE-address,GraphSAGE-main,roc_auc,10,0.8631525848898252,0.8584549573133635,0.0046976275764616495,13.0,0.16015625,False,GraphSAGE-address,
IEEE-CIS,GraphSAGE-address,GraphSAGE-main,recall,10,0.4175327609579756,0.39724356077722545,0.02028920018075011,14.0,0.193359375,False,GraphSAGE-address,
IEEE-CIS,GraphSAGE-address,GraphSAGE-main,precision,10,0.3750159282742166,0.36475221439551114,0.010263713878705482,19.0,0.431640625,False,GraphSAGE-address,
IEEE-CIS,GraphSAGE-address,GAT-main,pr_auc,10,0.3665065945390656,0.247969206311674,0.11853738822739168,6.0,0.02734375,True,GraphSAGE-address,
IEEE-CIS,GraphSAGE-address,GAT-main,f1_score,10,0.39166210969583903,0.2963929771076235,0.0952691325882155,0.0,0.001953125,True,GraphSAGE-address,
IEEE-CIS,GraphSAGE-address,GAT-main,roc_auc,10,0.8631525848898252,0.8186530771302797,0.044499507759545566,0.0,0.001953125,True,GraphSAGE-address,
IEEE-CIS,GraphSAGE-address,GAT-main,recall,10,0.4175327609579756,0.33059195661997287,0.08694080433800273,5.0,0.01953125,True,GraphSAGE-address,
IEEE-CIS,GraphSAGE-address,GAT-main,precision,10,0.3750159282742166,0.27977409119785646,0.09524183707636012,0.0,0.001953125,True,GraphSAGE-address,
IEEE-CIS,GraphSAGE-card,MLP,pr_auc,10,0.31742432558670497,0.4248846279291471,-0.10746030234244217,0.0,0.001953125,True,MLP,
IEEE-CIS,GraphSAGE-card,MLP,f1_score,10,0.3705649152018563,0.4406854152334905,-0.07012050003163413,0.0,0.001953125,True,MLP,
IEEE-CIS,GraphSAGE-card,MLP,roc_auc,10,0.8597705832824207,0.8585758576617266,0.001194725620694137,23.0,0.6953125,False,GraphSAGE-card,
IEEE-CIS,GraphSAGE-card,MLP,recall,10,0.39507455942159964,0.37094441934026207,0.024130140081337563,10.0,0.083984375,False,GraphSAGE-card,
IEEE-CIS,GraphSAGE-card,MLP,precision,10,0.3511624091702799,0.5481626220877068,-0.19700021291742692,0.0,0.001953125,True,MLP,
IEEE-CIS,GraphSAGE-card,LSTM,pr_auc,10,0.31742432558670497,0.4150954593696519,-0.09767113378294696,0.0,0.001953125,True,LSTM,
IEEE-CIS,GraphSAGE-card,LSTM,f1_score,10,0.3705649152018563,0.4309849836911643,-0.06042006848930796,0.0,0.001953125,True,LSTM,
IEEE-CIS,GraphSAGE-card,LSTM,roc_auc,10,0.8597705832824207,0.8558044541097203,0.0039661291727005055,13.0,0.16015625,False,GraphSAGE-card,
IEEE-CIS,GraphSAGE-card,LSTM,recall,10,0.39507455942159964,0.4005874378671487,-0.0055128784455490245,17.0,0.322265625,False,LSTM,
IEEE-CIS,GraphSAGE-card,LSTM,precision,10,0.3511624091702799,0.46823530405155883,-0.1170728948812789,0.0,0.001953125,True,LSTM,
IEEE-CIS,GraphSAGE-card,Transformer,pr_auc,10,0.31742432558670497,0.4103675313300704,-0.09294320574336552,0.0,0.001953125,True,Transformer,
IEEE-CIS,GraphSAGE-card,Transformer,f1_score,10,0.3705649152018563,0.44326723721623446,-0.07270232201437817,0.0,0.001953125,True,Transformer,
IEEE-CIS,GraphSAGE-card,Transformer,roc_auc,10,0.8597705832824207,0.8485253420102673,0.01124524127215346,0.0,0.001953125,True,GraphSAGE-card,
IEEE-CIS,GraphSAGE-card,Transformer,recall,10,0.39507455942159964,0.4075915047446904,-0.012516945323090833,15.0,0.22265625,False,Transformer,
IEEE-CIS,GraphSAGE-card,Transformer,precision,10,0.3511624091702799,0.4911451602919805,-0.13998275112170053,0.0,0.001953125,True,Transformer,
IEEE-CIS,GraphSAGE-card,GCN-main,pr_auc,10,0.31742432558670497,0.2938947783427996,0.023529547243905345,22.0,0.625,False,GraphSAGE-card,
IEEE-CIS,GraphSAGE-card,GCN-main,f1_score,10,0.3705649152018563,0.34701817385712763,0.023546741344728717,18.0,0.375,False,GraphSAGE-card,
IEEE-CIS,GraphSAGE-card,GCN-main,roc_auc,10,0.8597705832824207,0.8430598050946102,0.016710778187810537,4.0,0.013671875,True,GraphSAGE-card,
IEEE-CIS,GraphSAGE-card,GCN-main,recall,10,0.39507455942159964,0.36452779032986893,0.030546769091730697,2.0,0.005859375,True,GraphSAGE-card,
IEEE-CIS,GraphSAGE-card,GCN-main,precision,10,0.3511624091702799,0.34546886558234646,0.005693543587933431,23.0,0.6953125,False,GraphSAGE-card,
IEEE-CIS,GraphSAGE-card,GraphSAGE-main,pr_auc,10,0.31742432558670497,0.34317414723930734,-0.025749821652602412,9.0,0.064453125,False,GraphSAGE-main,
IEEE-CIS,GraphSAGE-card,GraphSAGE-main,f1_score,10,0.3705649152018563,0.3788134066986656,-0.008248491496809257,15.0,0.232421875,False,GraphSAGE-main,
IEEE-CIS,GraphSAGE-card,GraphSAGE-main,roc_auc,10,0.8597705832824207,0.8584549573133635,0.0013156259690572769,23.0,0.6953125,False,GraphSAGE-card,
IEEE-CIS,GraphSAGE-card,GraphSAGE-main,recall,10,0.39507455942159964,0.39724356077722545,-0.0021690013556258545,25.0,0.845703125,False,GraphSAGE-main,
IEEE-CIS,GraphSAGE-card,GraphSAGE-main,precision,10,0.3511624091702799,0.36475221439551114,-0.013589805225231167,17.0,0.322265625,False,GraphSAGE-main,
IEEE-CIS,GraphSAGE-card,GAT-main,pr_auc,10,0.31742432558670497,0.247969206311674,0.06945511927503095,11.0,0.10546875,False,GraphSAGE-card,
IEEE-CIS,GraphSAGE-card,GAT-main,f1_score,10,0.3705649152018563,0.2963929771076235,0.07417193809423281,2.0,0.005859375,True,GraphSAGE-card,
IEEE-CIS,GraphSAGE-card,GAT-main,roc_auc,10,0.8597705832824207,0.8186530771302797,0.041117506152141194,0.0,0.001953125,True,GraphSAGE-card,
IEEE-CIS,GraphSAGE-card,GAT-main,recall,10,0.39507455942159964,0.33059195661997287,0.06448260280162676,2.0,0.005859375,True,GraphSAGE-card,
IEEE-CIS,GraphSAGE-card,GAT-main,precision,10,0.3511624091702799,0.27977409119785646,0.07138831797242348,7.0,0.037109375,True,GraphSAGE-card,
IEEE-CIS,GraphSAGE-email_domain,MLP,pr_auc,10,0.3911952016550474,0.4248846279291471,-0.033689426274099696,9.0,0.064453125,False,MLP,
IEEE-CIS,GraphSAGE-email_domain,MLP,f1_score,10,0.40246952585403306,0.4406854152334905,-0.0382158893794573,1.0,0.00390625,True,MLP,
IEEE-CIS,GraphSAGE-email_domain,MLP,roc_auc,10,0.8641297479965935,0.8585758576617266,0.005553890334867006,13.0,0.16015625,False,GraphSAGE-email_domain,
IEEE-CIS,GraphSAGE-email_domain,MLP,recall,10,0.40985088115680074,0.37094441934026207,0.038906461816538646,6.0,0.02734375,True,GraphSAGE-email_domain,
IEEE-CIS,GraphSAGE-email_domain,MLP,precision,10,0.40123101721357257,0.5481626220877068,-0.14693160487413426,0.0,0.001953125,True,MLP,
IEEE-CIS,GraphSAGE-email_domain,LSTM,pr_auc,10,0.3911952016550474,0.4150954593696519,-0.023900257714604495,1.0,0.00390625,True,LSTM,
IEEE-CIS,GraphSAGE-email_domain,LSTM,f1_score,10,0.40246952585403306,0.4309849836911643,-0.02851545783713113,0.0,0.001953125,True,LSTM,
IEEE-CIS,GraphSAGE-email_domain,LSTM,roc_auc,10,0.8641297479965935,0.8558044541097203,0.008325293886873374,2.0,0.005859375,True,GraphSAGE-email_domain,
IEEE-CIS,GraphSAGE-email_domain,LSTM,recall,10,0.40985088115680074,0.4005874378671487,0.009263443289652057,22.0,0.625,False,GraphSAGE-email_domain,
IEEE-CIS,GraphSAGE-email_domain,LSTM,precision,10,0.40123101721357257,0.46823530405155883,-0.06700428683798626,4.0,0.013671875,True,LSTM,
IEEE-CIS,GraphSAGE-email_domain,Transformer,pr_auc,10,0.3911952016550474,0.4103675313300704,-0.019172329675023036,4.0,0.013671875,True,Transformer,
IEEE-CIS,GraphSAGE-email_domain,Transformer,f1_score,10,0.40246952585403306,0.44326723721623446,-0.040797711362201325,0.0,0.001953125,True,Transformer,
IEEE-CIS,GraphSAGE-email_domain,Transformer,roc_auc,10,0.8641297479965935,0.8485253420102673,0.015604405986326331,0.0,0.001953125,True,GraphSAGE-email_domain,
IEEE-CIS,GraphSAGE-email_domain,Transformer,recall,10,0.40985088115680074,0.4075915047446904,0.002259376412110248,26.0,0.921875,False,GraphSAGE-email_domain,
IEEE-CIS,GraphSAGE-email_domain,Transformer,precision,10,0.40123101721357257,0.4911451602919805,-0.08991414307840791,3.0,0.009765625,True,Transformer,
IEEE-CIS,GraphSAGE-email_domain,GCN-main,pr_auc,10,0.3911952016550474,0.2938947783427996,0.09730042331224784,0.0,0.001953125,True,GraphSAGE-email_domain,
IEEE-CIS,GraphSAGE-email_domain,GCN-main,f1_score,10,0.40246952585403306,0.34701817385712763,0.055451351996905554,0.0,0.001953125,True,GraphSAGE-email_domain,
IEEE-CIS,GraphSAGE-email_domain,GCN-main,roc_auc,10,0.8641297479965935,0.8430598050946102,0.021069942901983406,0.0,0.001953125,True,GraphSAGE-email_domain,
IEEE-CIS,GraphSAGE-email_domain,GCN-main,recall,10,0.40985088115680074,0.36452779032986893,0.045323090826931776,5.0,0.01953125,True,GraphSAGE-email_domain,
IEEE-CIS,GraphSAGE-email_domain,GCN-main,precision,10,0.40123101721357257,0.34546886558234646,0.05576215163122609,15.0,0.232421875,False,GraphSAGE-email_domain,
IEEE-CIS,GraphSAGE-email_domain,GraphSAGE-main,pr_auc,10,0.3911952016550474,0.34317414723930734,0.04802105441574007,0.0,0.001953125,True,GraphSAGE-email_domain,
IEEE-CIS,GraphSAGE-email_domain,GraphSAGE-main,f1_score,10,0.40246952585403306,0.3788134066986656,0.023656119155367576,0.0,0.001953125,True,GraphSAGE-email_domain,
IEEE-CIS,GraphSAGE-email_domain,GraphSAGE-main,roc_auc,10,0.8641297479965935,0.8584549573133635,0.005674790683230147,5.0,0.01953125,True,GraphSAGE-email_domain,
IEEE-CIS,GraphSAGE-email_domain,GraphSAGE-main,recall,10,0.40985088115680074,0.39724356077722545,0.012607320379575227,19.0,0.431640625,False,GraphSAGE-email_domain,
IEEE-CIS,GraphSAGE-email_domain,GraphSAGE-main,precision,10,0.40123101721357257,0.36475221439551114,0.036478802818061484,12.0,0.130859375,False,GraphSAGE-email_domain,
IEEE-CIS,GraphSAGE-email_domain,GAT-main,pr_auc,10,0.3911952016550474,0.247969206311674,0.14322599534337344,0.0,0.001953125,True,GraphSAGE-email_domain,
IEEE-CIS,GraphSAGE-email_domain,GAT-main,f1_score,10,0.40246952585403306,0.2963929771076235,0.10607654874640962,0.0,0.001953125,True,GraphSAGE-email_domain,
IEEE-CIS,GraphSAGE-email_domain,GAT-main,roc_auc,10,0.8641297479965935,0.8186530771302797,0.04547667086631406,0.0,0.001953125,True,GraphSAGE-email_domain,
IEEE-CIS,GraphSAGE-email_domain,GAT-main,recall,10,0.40985088115680074,0.33059195661997287,0.07925892453682784,0.0,0.001953125,True,GraphSAGE-email_domain,
IEEE-CIS,GraphSAGE-email_domain,GAT-main,precision,10,0.40123101721357257,0.27977409119785646,0.12145692601571614,1.0,0.00390625,True,GraphSAGE-email_domain,
IEEE-CIS,GraphSAGE-identifier_time_window-24h,MLP,pr_auc,10,0.32843710801605863,0.4248846279291471,-0.09644751991308853,1.0,0.00390625,True,MLP,
IEEE-CIS,GraphSAGE-identifier_time_window-24h,MLP,f1_score,10,0.3899944695121121,0.4406854152334905,-0.050690945721378375,0.0,0.001953125,True,MLP,
IEEE-CIS,GraphSAGE-identifier_time_window-24h,MLP,roc_auc,10,0.8592864214271991,0.8585758576617266,0.0007105637654724939,27.0,1.0,False,GraphSAGE-identifier_time_window-24h,
IEEE-CIS,GraphSAGE-identifier_time_window-24h,MLP,recall,10,0.3814731134206959,0.37094441934026207,0.010528694080433798,14.0,0.193359375,False,GraphSAGE-identifier_time_window-24h,
IEEE-CIS,GraphSAGE-identifier_time_window-24h,MLP,precision,10,0.4021908607860129,0.5481626220877068,-0.145971761301694,0.0,0.001953125,True,MLP,
IEEE-CIS,GraphSAGE-identifier_time_window-24h,LSTM,pr_auc,10,0.32843710801605863,0.4150954593696519,-0.08665835135359332,0.0,0.001953125,True,LSTM,
IEEE-CIS,GraphSAGE-identifier_time_window-24h,LSTM,f1_score,10,0.3899944695121121,0.4309849836911643,-0.04099051417905221,0.0,0.001953125,True,LSTM,
IEEE-CIS,GraphSAGE-identifier_time_window-24h,LSTM,roc_auc,10,0.8592864214271991,0.8558044541097203,0.0034819673174788625,14.0,0.193359375,False,GraphSAGE-identifier_time_window-24h,
IEEE-CIS,GraphSAGE-identifier_time_window-24h,LSTM,recall,10,0.3814731134206959,0.4005874378671487,-0.01911432444645279,5.0,0.01953125,True,LSTM,
IEEE-CIS,GraphSAGE-identifier_time_window-24h,LSTM,precision,10,0.4021908607860129,0.46823530405155883,-0.066044443265546,3.0,0.009765625,True,LSTM,
IEEE-CIS,GraphSAGE-identifier_time_window-24h,Transformer,pr_auc,10,0.32843710801605863,0.4103675313300704,-0.08193042331401187,0.0,0.001953125,True,Transformer,
IEEE-CIS,GraphSAGE-identifier_time_window-24h,Transformer,f1_score,10,0.3899944695121121,0.44326723721623446,-0.053272767704122405,0.0,0.001953125,True,Transformer,
IEEE-CIS,GraphSAGE-identifier_time_window-24h,Transformer,roc_auc,10,0.8592864214271991,0.8485253420102673,0.010761079416931819,2.0,0.005859375,True,GraphSAGE-identifier_time_window-24h,
IEEE-CIS,GraphSAGE-identifier_time_window-24h,Transformer,recall,10,0.3814731134206959,0.4075915047446904,-0.0261183913239946,6.0,0.02734375,True,Transformer,
IEEE-CIS,GraphSAGE-identifier_time_window-24h,Transformer,precision,10,0.4021908607860129,0.4911451602919805,-0.08895429950596763,0.0,0.001953125,True,Transformer,
IEEE-CIS,GraphSAGE-identifier_time_window-24h,GCN-main,pr_auc,10,0.32843710801605863,0.2938947783427996,0.034542329673259,23.0,0.6953125,False,GraphSAGE-identifier_time_window-24h,
IEEE-CIS,GraphSAGE-identifier_time_window-24h,GCN-main,f1_score,10,0.3899944695121121,0.34701817385712763,0.042976295654984474,3.0,0.009765625,True,GraphSAGE-identifier_time_window-24h,
IEEE-CIS,GraphSAGE-identifier_time_window-24h,GCN-main,roc_auc,10,0.8592864214271991,0.8430598050946102,0.016226616332588893,0.0,0.001953125,True,GraphSAGE-identifier_time_window-24h,
IEEE-CIS,GraphSAGE-identifier_time_window-24h,GCN-main,recall,10,0.3814731134206959,0.36452779032986893,0.01694532309082693,13.0,0.16015625,False,GraphSAGE-identifier_time_window-24h,
IEEE-CIS,GraphSAGE-identifier_time_window-24h,GCN-main,precision,10,0.4021908607860129,0.34546886558234646,0.056721995203666345,13.0,0.16015625,False,GraphSAGE-identifier_time_window-24h,
IEEE-CIS,GraphSAGE-identifier_time_window-24h,GraphSAGE-main,pr_auc,10,0.32843710801605863,0.34317414723930734,-0.014737039223248764,19.0,0.431640625,False,GraphSAGE-main,
IEEE-CIS,GraphSAGE-identifier_time_window-24h,GraphSAGE-main,f1_score,10,0.3899944695121121,0.3788134066986656,0.011181062813446496,14.0,0.193359375,False,GraphSAGE-identifier_time_window-24h,
IEEE-CIS,GraphSAGE-identifier_time_window-24h,GraphSAGE-main,roc_auc,10,0.8592864214271991,0.8584549573133635,0.0008314641138356338,27.0,1.0,False,GraphSAGE-identifier_time_window-24h,
IEEE-CIS,GraphSAGE-identifier_time_window-24h,GraphSAGE-main,recall,10,0.3814731134206959,0.39724356077722545,-0.015770447356529622,10.0,0.083984375,False,GraphSAGE-main,
IEEE-CIS,GraphSAGE-identifier_time_window-24h,GraphSAGE-main,precision,10,0.4021908607860129,0.36475221439551114,0.03743864639050175,2.0,0.005859375,True,GraphSAGE-identifier_time_window-24h,
IEEE-CIS,GraphSAGE-identifier_time_window-24h,GAT-main,pr_auc,10,0.32843710801605863,0.247969206311674,0.08046790170438459,5.0,0.01953125,True,GraphSAGE-identifier_time_window-24h,
IEEE-CIS,GraphSAGE-identifier_time_window-24h,GAT-main,f1_score,10,0.3899944695121121,0.2963929771076235,0.09360149240448853,0.0,0.001953125,True,GraphSAGE-identifier_time_window-24h,
IEEE-CIS,GraphSAGE-identifier_time_window-24h,GAT-main,roc_auc,10,0.8592864214271991,0.8186530771302797,0.040633344296919546,0.0,0.001953125,True,GraphSAGE-identifier_time_window-24h,
IEEE-CIS,GraphSAGE-identifier_time_window-24h,GAT-main,recall,10,0.3814731134206959,0.33059195661997287,0.05088115680072299,11.0,0.10546875,False,GraphSAGE-identifier_time_window-24h,
IEEE-CIS,GraphSAGE-identifier_time_window-24h,GAT-main,precision,10,0.4021908607860129,0.27977409119785646,0.1224167695881564,1.0,0.00390625,True,GraphSAGE-identifier_time_window-24h,
